﻿<?xml version="1.0" encoding="utf-8"?>
<Deployment xmlns="http://schemas.microsoft.com/windowsphone/2009/deployment" AppPlatformVersion="7.1">
  <App xmlns="" ProductID="{451672c7-61a9-49d7-bb43-1c20519cfa8d}" Title="LocationFinder" RuntimeType="Silverlight" Version="1.0.0.0" Genre="apps.normal" Author="Tuomas Hietanen" Description="Location Finder - Where am I?" Publisher="Tuomas Hietanen">
    <IconPath IsRelative="true" IsResource="false">ApplicationIcon.png</IconPath>
    <Capabilities>
		<Capability Name="ID_CAP_LOCATION"/>
		<Capability Name="ID_CAP_NETWORKING"/>
		<!-- Remove unused: -->
		<Capability Name="ID_CAP_APPOINTMENTS"/>
		<Capability Name="ID_CAP_CAMERA"/>
		<Capability Name="ID_CAP_CONTACTS"/>
		<Capability Name="ID_CAP_GAMERSERVICES"/>
		<Capability Name="ID_CAP_IDENTITY_DEVICE"/>
		<Capability Name="ID_CAP_IDENTITY_USER"/>
		<Capability Name="ID_CAP_ISV_CAMERA"/>
		<Capability Name="ID_CAP_MEDIALIB"/>
		<Capability Name="ID_CAP_MICROPHONE"/>
		<Capability Name="ID_CAP_PHONEDIALER"/>
		<Capability Name="ID_CAP_PUSH_NOTIFICATION"/>
		<Capability Name="ID_CAP_SENSORS"/>
		<Capability Name="ID_CAP_WEBBROWSERCOMPONENT"/>
		<Capability Name="ID_HW_FRONTCAMERA"/>
	</Capabilities>
    <Tasks>
      <DefaultTask Name="_default" NavigationPage="MainPage.xaml" />
    </Tasks>
    <Tokens>
      <PrimaryToken TokenID="LocationFinderToken" TaskName="_default">
        <TemplateType5>
          <BackgroundImageURI IsRelative="true" IsResource="false">Background.png</BackgroundImageURI>
          <Count>0</Count>
          <Title>LocationFinder</Title>
        </TemplateType5>
      </PrimaryToken>
    </Tokens>
  </App>
</Deployment>